topic,start_s,end_s,duration_s,rejected_no_interpolation
/livox/lidar,0.47077512741088867,2.654273748397827,2.1834986209869385,true
/livox/lidar,2.654273748397827,4.777331352233887,2.1230576038360596,true
/livox/lidar,4.777331352233887,8.365637063980103,3.588305711746216,true
/livox/lidar,8.365637063980103,11.476191282272339,3.1105542182922363,true
/livox/lidar,11.476191282272339,13.790468692779541,2.314277410507202,true
/livox/lidar,13.790468692779541,15.029931545257568,1.2394628524780273,true
/livox/lidar,15.029931545257568,16.088606119155884,1.0586745738983154,true
/livox/lidar,18.082301139831543,19.334785223007202,1.2524840831756592,true
/livox/lidar,19.334785223007202,20.56259775161743,1.2278125286102295,true
/livox/lidar,20.56259775161743,21.21858048439026,0.6559827327728271,true
/livox/lidar,21.81462550163269,22.36897373199463,0.5543482303619385,true
/livox/lidar,22.36897373199463,23.29068160057068,0.9217078685760498,true
/livox/lidar,23.818008422851562,24.515809297561646,0.697800874710083,true
/livox/lidar,24.515809297561646,25.33754801750183,0.8217387199401855,true
/livox/lidar,25.33754801750183,26.224559783935547,0.8870117664337158,true
/livox/lidar,26.224559783935547,27.019588232040405,0.7950284481048584,true
/livox/lidar,27.019588232040405,28.232231855392456,1.2126436233520508,true
/livox/lidar,28.232231855392456,28.755821466445923,0.5235896110534668,true
/livox/lidar,29.0647234916687,29.659643173217773,0.5949196815490723,true
/livox/lidar,32.076741218566895,32.602152824401855,0.5254116058349609,true
/livox/lidar,32.602152824401855,33.270389795303345,0.6682369709014893,true
/livox/lidar,34.28406262397766,35.00465655326843,0.7205939292907715,true
/livox/lidar,35.00465655326843,36.23295307159424,1.2282965183258057,true
/livox/lidar,36.23295307159424,37.56342387199402,1.3304708003997803,true
/livox/lidar,37.56342387199402,38.69234895706177,1.128925085067749,true
/livox/lidar,38.69234895706177,40.625505685806274,1.9331567287445068,true
/livox/lidar,40.625505685806274,47.778879165649414,7.15337347984314,true
/livox/lidar,47.778879165649414,52.02024579048157,4.241366624832153,true
/livox/lidar,52.02024579048157,52.87131142616272,0.8510656356811523,true
/livox/lidar,52.87131142616272,53.55961537361145,0.6883039474487305,true
/livox/lidar,53.55961537361145,54.817684173583984,1.2580687999725342,true
/livox/lidar,54.817684173583984,55.44087362289429,0.6231894493103027,true
/livox/lidar,55.44087362289429,56.863118410110474,1.4222447872161865,true
/livox/lidar,56.863118410110474,58.9158661365509,2.0527477264404297,true
/livox/lidar,58.9158661365509,60.96478343009949,2.048917293548584,true
/livox/lidar,60.96478343009949,62.31681251525879,1.3520290851593018,true
/livox/lidar,63.07838535308838,67.77323341369629,4.69484806060791,true
/livox/lidar,67.77323341369629,71.40090489387512,3.627671480178833,true
/livox/lidar,71.40090489387512,73.45727038383484,2.056365489959717,true
/livox/lidar,73.45727038383484,75.9783923625946,2.5211219787597656,true
/livox/lidar,75.9783923625946,76.89585900306702,0.9174666404724121,true
/livox/lidar,76.89585900306702,77.6825578212738,0.7866988182067871,true
/livox/lidar,81.62769556045532,82.17097783088684,0.5432822704315186,true
/livox/lidar,83.17698645591736,84.41066908836365,1.233682632446289,true
/livox/lidar,93.15222120285034,93.80104207992554,0.6488208770751953,true
/livox/lidar,94.54667520523071,95.14915895462036,0.6024837493896484,true
/livox/lidar,128.02368068695068,128.7053620815277,0.6816813945770264,true
/livox/lidar,133.50861620903015,134.06666207313538,0.5580458641052246,true
/livox/lidar,135.88024950027466,136.5713357925415,0.6910862922668457,true
/livox/lidar,136.5713357925415,137.45645308494568,0.8851172924041748,true
/livox/lidar,137.45645308494568,137.97691869735718,0.520465612411499,true
/livox/lidar,137.97691869735718,138.48100090026855,0.504082202911377,true
/livox/lidar,138.48100090026855,139.14325380325317,0.6622529029846191,true
/livox/lidar,144.68392205238342,145.39150762557983,0.7075855731964111,true
/livox/lidar,145.39150762557983,146.11612558364868,0.7246179580688477,true
/livox/lidar,146.11612558364868,146.7691526412964,0.6530270576477051,true
/livox/lidar,148.7756233215332,149.3177194595337,0.5420961380004883,true
/livox/lidar,149.3177194595337,150.15896654129028,0.8412470817565918,true
/livox/lidar,150.15896654129028,151.30288577079773,1.1439192295074463,true
/livox/lidar,151.30288577079773,153.32747435569763,2.0245885848999023,true
/livox/lidar,153.32747435569763,154.2973198890686,0.9698455333709717,true
/livox/lidar,154.2973198890686,155.41695046424866,1.1196305751800537,true
/livox/lidar,155.41695046424866,157.22541522979736,1.808464765548706,true
/livox/lidar,157.22541522979736,158.86011719703674,1.6347019672393799,true
/livox/lidar,158.86011719703674,159.78953790664673,0.9294207096099854,true
/livox/lidar,159.78953790664673,161.36151933670044,1.571981430053711,true
/livox/lidar,161.36151933670044,163.06380248069763,1.7022831439971924,true
/livox/lidar,163.06380248069763,164.26262593269348,1.1988234519958496,true
/livox/lidar,164.26262593269348,166.09841108322144,1.835785150527954,true
/livox/lidar,166.09841108322144,168.84152960777283,2.7431185245513916,true
/livox/lidar,168.84152960777283,170.02964782714844,1.1881182193756104,true
/livox/lidar,170.02964782714844,170.8080313205719,0.7783834934234619,true
/livox/lidar,170.8080313205719,171.81130266189575,1.0032713413238525,true
/livox/lidar,171.81130266189575,172.8525152206421,1.041212558746338,true
/livox/lidar,172.8525152206421,173.66846871376038,0.8159534931182861,true
/livox/lidar,173.66846871376038,174.3810966014862,0.7126278877258301,true
/livox/lidar,174.3810966014862,175.41136050224304,1.030263900756836,true
/livox/lidar,175.41136050224304,175.93698573112488,0.5256252288818359,true
/livox/lidar,176.24365830421448,176.81627106666565,0.5726127624511719,true
/livox/lidar,176.81627106666565,177.58412265777588,0.7678515911102295,true
/livox/lidar,177.58412265777588,178.53355169296265,0.9494290351867676,true
/livox/lidar,178.53355169296265,180.10803771018982,1.5744860172271729,true
/livox/lidar,180.10803771018982,181.33367824554443,1.2256405353546143,true
/livox/lidar,181.33367824554443,182.39213466644287,1.0584564208984375,true
/livox/lidar,182.39213466644287,185.16952180862427,2.7773871421813965,true
/livox/lidar,185.16952180862427,185.86532831192017,0.6958065032958984,true
/livox/lidar,186.16659903526306,186.80559396743774,0.6389949321746826,true
/livox/lidar,187.28408408164978,187.81513333320618,0.5310492515563965,true
/livox/lidar,187.81513333320618,188.35472559928894,0.5395922660827637,true
/livox/lidar,188.35472559928894,189.28337860107422,0.9286530017852783,true
/livox/lidar,189.28337860107422,190.04190707206726,0.758528470993042,true
/livox/lidar,190.04190707206726,190.65566277503967,0.6137557029724121,true
/livox/lidar,191.1225438117981,191.92027711868286,0.7977333068847656,true
/livox/lidar,191.92027711868286,193.01453232765198,1.0942552089691162,true
/livox/lidar,193.01453232765198,193.60734295845032,0.5928106307983398,true
/livox/lidar,193.60734295845032,194.1858994960785,0.5785565376281738,true
/livox/lidar,194.1858994960785,195.0200355052948,0.8341360092163086,true
/livox/lidar,195.0200355052948,195.6950168609619,0.6749813556671143,true
/livox/lidar,199.2769739627838,199.81342697143555,0.5364530086517334,true
/livox/lidar,199.81342697143555,200.80081415176392,0.9873871803283691,true
/livox/lidar,200.80081415176392,201.41481018066406,0.6139960289001465,true
/livox/lidar,201.41481018066406,202.33963179588318,0.9248216152191162,true
/livox/lidar,202.33963179588318,203.3071436882019,0.9675118923187256,true
/livox/lidar,203.3071436882019,204.2677628993988,0.9606192111968994,true
/livox/lidar,204.2677628993988,204.9719214439392,0.7041585445404053,true
/livox/lidar,204.9719214439392,205.59719324111938,0.6252717971801758,true
/livox/lidar,205.59719324111938,206.38187861442566,0.7846853733062744,true
/livox/lidar,208.13035559654236,209.065101146698,0.9347455501556396,true
/livox/lidar,209.065101146698,210.12289094924927,1.0577898025512695,true
/livox/lidar,210.12289094924927,211.2734956741333,1.1506047248840332,true
/livox/lidar,211.70064449310303,212.30801486968994,0.6073703765869141,true
/livox/lidar,212.30801486968994,212.8972191810608,0.5892043113708496,true
/livox/lidar,212.8972191810608,213.59676218032837,0.6995429992675781,true
/livox/lidar,213.59676218032837,214.98541140556335,1.3886492252349854,true
/livox/lidar,214.98541140556335,218.0223331451416,3.036921739578247,true
/livox/lidar,218.0223331451416,237.0335624217987,19.011229276657104,true
/livox/lidar,430.1892178058624,430.89048290252686,0.7012650966644287,true
/livox/lidar,430.89048290252686,431.4018168449402,0.5113339424133301,true
/livox/lidar,434.2370116710663,434.9578185081482,0.7208068370819092,true
/livox/lidar,434.9578185081482,435.7188627719879,0.7610442638397217,true
/livox/lidar,435.7188627719879,436.2323749065399,0.513512134552002,true
/livox/lidar,437.1633110046387,437.7387716770172,0.57546067237854,true
/livox/lidar,437.7387716770172,438.2749466896057,0.536175012588501,true
/livox/lidar,439.4999563694,440.0190124511719,0.5190560817718506,true
/livox/lidar,440.0190124511719,440.60260033607483,0.5835878849029541,true
/livox/lidar,440.60260033607483,441.1373357772827,0.5347354412078857,true
/livox/lidar,442.38460183143616,443.0432291030884,0.6586272716522217,true
/livox/lidar,443.0432291030884,443.5680549144745,0.5248258113861084,true
/livox/lidar,443.5680549144745,444.0702428817749,0.502187967300415,true
/livox/lidar,444.8579955101013,445.52524495124817,0.6672494411468506,true
/livox/lidar,446.57151985168457,447.3696405887604,0.7981207370758057,true
/livox/lidar,447.3696405887604,447.9554262161255,0.5857856273651123,true
/livox/lidar,449.1885347366333,450.1033811569214,0.9148464202880859,true
/livox/lidar,450.3470678329468,450.89271092414856,0.5456430912017822,true
/livox/lidar,450.89271092414856,451.5593523979187,0.6666414737701416,true
/livox/lidar,452.2619512081146,453.02608609199524,0.7641348838806152,true
/livox/lidar,453.4906008243561,454.0348963737488,0.5442955493927002,true
/livox/lidar,454.0348963737488,457.0105605125427,2.9756641387939453,true
/livox/lidar,457.0105605125427,458.5831482410431,1.5725877285003662,true
/livox/lidar,458.5831482410431,459.4585485458374,0.8754003047943115,true
/livox/lidar,459.4585485458374,459.9760148525238,0.5174663066864014,true
/livox/lidar,461.15092158317566,461.8404598236084,0.6895382404327393,true
/livox/lidar,461.8404598236084,462.4914388656616,0.6509790420532227,true
/livox/lidar,462.4914388656616,463.20555806159973,0.7141191959381104,true
/livox/lidar,463.20555806159973,464.5866050720215,1.381047010421753,true
/livox/lidar,464.5866050720215,465.60101795196533,1.0144128799438477,true
/livox/lidar,465.60101795196533,466.5868294239044,0.9858114719390869,true
/livox/lidar,466.5868294239044,467.27856707572937,0.6917376518249512,true
/livox/lidar,467.27856707572937,467.97517585754395,0.6966087818145752,true
/livox/lidar,468.4613108634949,468.9860773086548,0.5247664451599121,true
/livox/lidar,468.9860773086548,469.5057351589203,0.5196578502655029,true
/livox/lidar,469.5057351589203,470.07915806770325,0.573422908782959,true
/livox/lidar,470.5228774547577,471.06489634513855,0.5420188903808594,true
/livox/lidar,471.5614950656891,472.52965331077576,0.9681582450866699,true
/livox/lidar,476.83475971221924,477.4996736049652,0.6649138927459717,true
/livox/lidar,479.09418749809265,479.6291444301605,0.5349569320678711,true
/livox/lidar,479.6291444301605,480.2108461856842,0.5817017555236816,true
/livox/lidar,480.2108461856842,480.71693110466003,0.5060849189758301,true
/livox/lidar,481.2031183242798,481.94570541381836,0.7425870895385742,true
/livox/lidar,481.94570541381836,482.5832977294922,0.6375923156738281,true
/livox/lidar,482.5832977294922,483.3276414871216,0.7443437576293945,true
/livox/lidar,483.3276414871216,483.93387842178345,0.6062369346618652,true
/livox/lidar,483.93387842178345,484.56424617767334,0.6303677558898926,true
/livox/lidar,484.56424617767334,485.1138789653778,0.5496327877044678,true
/livox/lidar,485.1138789653778,485.88424015045166,0.7703611850738525,true
/livox/lidar,485.88424015045166,487.34999084472656,1.4657506942749023,true
/livox/lidar,487.34999084472656,488.1454634666443,0.7954726219177246,true
/livox/lidar,488.1454634666443,489.20869183540344,1.0632283687591553,true
/livox/lidar,489.20869183540344,492.6981637477875,3.489471912384033,true
/livox/lidar,492.6981637477875,493.8430759906769,1.1449122428894043,true
/livox/imu,41.7869770526886,42.51135873794556,0.724381685256958,true
/livox/imu,220.0827033519745,220.7296245098114,0.6469211578369141,true
/livox/imu,229.30359840393066,229.80855512619019,0.5049567222595215,true
/livox/imu,230.45921158790588,231.0005271434784,0.5413155555725098,true
/livox/imu,231.46490216255188,236.8389253616333,5.374023199081421,true
/livox/imu,494.60598731040955,498.0377597808838,3.431772470474243,true
/livox/imu,498.03780221939087,499.4391145706177,1.4013123512268066,true
/tron/wheel_odom_raw,41.7875075340271,42.51285982131958,0.7253522872924805,true
/tron/wheel_odom_raw,66.09720849990845,66.80463552474976,0.7074270248413086,true
/tron/wheel_odom_raw,223.63911366462708,224.14909601211548,0.5099823474884033,true
/tron/wheel_odom_raw,227.83033204078674,228.5355315208435,0.7051994800567627,true
/tron/wheel_odom_raw,231.13732814788818,232.02625966072083,0.8889315128326416,true
/tron/wheel_odom_raw,232.0262746810913,236.56913542747498,4.542860746383667,true
/tron/wheel_odom_raw,494.4012987613678,497.6284534931183,3.2271547317504883,true
/tron/sensor_joy,41.78747224807739,42.51214671134949,0.7246744632720947,true
/tron/sensor_joy,64.6118712425232,65.1412923336029,0.5294210910797119,true
/tron/sensor_joy,230.1870059967041,230.99251627922058,0.8055102825164795,true
/tron/sensor_joy,231.1373643875122,237.47756600379944,6.3402016162872314,true
/tron/sensor_joy,494.4798209667206,497.1631739139557,2.6833529472351074,true
/tron/sensor_joy,497.16413164138794,500.1007409095764,2.9366092681884766,true
/camera1/color/image_raw/compressed,0.5951745510101318,1.2312994003295898,0.636124849319458,true
/camera1/color/image_raw/compressed,5.209284543991089,5.809952259063721,0.6006677150726318,true
/camera1/color/image_raw/compressed,6.830862522125244,7.47063684463501,0.6397743225097656,true
/camera1/color/image_raw/compressed,10.446462869644165,11.258090257644653,0.8116273880004883,true
/camera1/color/image_raw/compressed,27.092233657836914,27.658141374588013,0.5659077167510986,true
/camera1/color/image_raw/compressed,37.45432758331299,37.96190905570984,0.5075814723968506,true
/camera1/color/image_raw/compressed,41.78702759742737,42.29790282249451,0.5108752250671387,true
/camera1/color/image_raw/compressed,42.29790282249451,43.0349338054657,0.7370309829711914,true
/camera1/color/image_raw/compressed,43.62274503707886,44.14626693725586,0.523521900177002,true
/camera1/color/image_raw/compressed,46.4443473815918,47.23571252822876,0.7913651466369629,true
/camera1/color/image_raw/compressed,56.04534602165222,56.5901894569397,0.5448434352874756,true
/camera1/color/image_raw/compressed,59.42796587944031,59.94644093513489,0.5184750556945801,true
/camera1/color/image_raw/compressed,59.94644093513489,61.065664291381836,1.1192233562469482,true
/camera1/color/image_raw/compressed,61.294331789016724,61.87017273902893,0.575840950012207,true
/camera1/color/image_raw/compressed,64.01242303848267,65.31455731391907,1.3021342754364014,true
/camera1/color/image_raw/compressed,66.09400033950806,66.93378949165344,0.8397891521453857,true
/camera1/color/image_raw/compressed,66.93378949165344,67.51243996620178,0.5786504745483398,true
/camera1/color/image_raw/compressed,67.77633166313171,68.51291847229004,0.7365868091583252,true
/camera1/color/image_raw/compressed,73.72648048400879,74.79236769676208,1.065887212753296,true
/camera1/color/image_raw/compressed,74.79236769676208,75.73389649391174,0.9415287971496582,true
/camera1/color/image_raw/compressed,83.65895628929138,84.40551352500916,0.7465572357177734,true
/camera1/color/image_raw/compressed,151.43880105018616,151.99052143096924,0.551720380783081,true
/camera1/color/image_raw/compressed,152.47540521621704,153.17146134376526,0.6960561275482178,true
/camera1/color/image_raw/compressed,160.75056505203247,161.30940771102905,0.558842658996582,true
/camera1/color/image_raw/compressed,161.80055212974548,162.39114093780518,0.5905888080596924,true
/camera1/color/image_raw/compressed,165.66658902168274,166.28377556800842,0.6171865463256836,true
/camera1/color/image_raw/compressed,166.28377556800842,167.51256394386292,1.2287883758544922,true
/camera1/color/image_raw/compressed,167.99590158462524,168.61948251724243,0.6235809326171875,true
/camera1/color/image_raw/compressed,169.40664052963257,170.1056616306305,0.6990211009979248,true
/camera1/color/image_raw/compressed,170.38728761672974,170.88840651512146,0.5011188983917236,true
/camera1/color/image_raw/compressed,175.00631093978882,175.52158617973328,0.515275239944458,true
/camera1/color/image_raw/compressed,216.22094655036926,221.58402490615845,5.363078355789185,true
/camera1/color/image_raw/compressed,221.58402490615845,224.15498399734497,2.5709590911865234,true
/camera1/color/image_raw/compressed,224.15498399734497,226.0361225605011,1.881138563156128,true
/camera1/color/image_raw/compressed,226.0361225605011,227.82519960403442,1.7890770435333252,true
/camera1/color/image_raw/compressed,227.82519960403442,236.64652705192566,8.821327447891235,true
/camera1/color/image_raw/compressed,455.99185037612915,456.69590973854065,0.704059362411499,true
/camera1/color/image_raw/compressed,456.81294894218445,457.3562753200531,0.5433263778686523,true
/camera1/color/image_raw/compressed,489.2160711288452,489.73654437065125,0.5204732418060303,true
/camera1/color/image_raw/compressed,490.7199671268463,491.2214102745056,0.5014431476593018,true
/camera1/color/image_raw/compressed,491.2214102745056,491.7360339164734,0.5146236419677734,true
/camera1/color/image_raw/compressed,493.831228017807,494.4028308391571,0.5716028213500977,true
