requested_record_time_s,actual_record_time_s,header_time_s,file
0.0,0.0005478858947753906,1788920852.5197897,rgb_nearest_0000.00s.jpg
25.0,24.934160470962524,1788920880.9199336,rgb_nearest_0025.00s.jpg
50.0,49.972673177719116,1788920902.244202,rgb_nearest_0050.00s.jpg
75.0,74.79236769676208,1788920930.0301156,rgb_nearest_0075.00s.jpg
100.0,100.02157855033875,1788920956.9257615,rgb_nearest_0100.00s.jpg
125.0,124.98088812828064,1788920981.0796263,rgb_nearest_0125.00s.jpg
150.0,149.99974131584167,1788921003.1623707,rgb_nearest_0150.00s.jpg
175.0,175.00631093978882,1788921016.8056233,rgb_nearest_0175.00s.jpg
200.0,200.0065610408783,1788921056.7274745,rgb_nearest_0200.00s.jpg
216.0,215.9893147945404,1788921069.4054482,rgb_nearest_0216.00s.jpg
218.0,216.22094655036926,1788921069.4717712,rgb_nearest_0218.00s.jpg
225.0,224.15498399734497,1788921069.571245,rgb_nearest_0225.00s.jpg
232.0,227.82519960403442,1788921069.7039742,rgb_nearest_0232.00s.jpg
236.6,236.64652705192566,1788921069.7371616,rgb_nearest_0236.60s.jpg
236.84,236.83803367614746,1788921069.869897,rgb_nearest_0236.84s.jpg
237.5,237.49562883377075,1788921070.5332198,rgb_nearest_0237.50s.jpg
239.0,238.99598813056946,1788921095.8980536,rgb_nearest_0239.00s.jpg
250.0,250.00238680839539,1788921106.9487984,rgb_nearest_0250.00s.jpg
275.0,274.99152088165283,1788921131.9384677,rgb_nearest_0275.00s.jpg
300.0,300.01064014434814,1788921156.9405751,rgb_nearest_0300.00s.jpg
325.0,324.9909932613373,1788921181.9253736,rgb_nearest_0325.00s.jpg
350.0,350.01454973220825,1788921206.9437442,rgb_nearest_0350.00s.jpg
375.0,375.00666666030884,1788921231.9255114,rgb_nearest_0375.00s.jpg
400.0,399.9833469390869,1788921256.8799353,rgb_nearest_0400.00s.jpg
425.0,424.9824912548065,1788921281.8951316,rgb_nearest_0425.00s.jpg
450.0,450.0083181858063,1788921303.006723,rgb_nearest_0450.00s.jpg
475.0,475.00019788742065,1788921330.579987,rgb_nearest_0475.00s.jpg
500.0,494.4028308391571,1788921344.5075886,rgb_nearest_0500.00s.jpg
